<?xml version="1.0" encoding="utf-8" standalone="no"?>
<dublin_core schema="dc">
  <dcvalue element="creator" qualifier="none">TSOLAKIDIS,&#x20;ANASTASIOS</dcvalue>
  <dcvalue element="date" qualifier="none">2017-09-01</dcvalue>
  <dcvalue element="identifier" qualifier="none">Ν2-3050</dcvalue>
  <dcvalue element="description" qualifier="none">Computer&#x20;structure.&#x20;Data&#x20;representation&#x20;methods&#x20;(unsigned&#x20;and&#x20;signed&#x20;integers,&#x20;floating&#x20;point&#x20;numbers,&#x20;characters),&#x20;signed&#x20;number&#x20;and&#x20;floating&#x20;point&#x20;arithmetic,&#x20;instruction&#x20;set&#x20;architecture(instruction&#x20;format,&#x20;instruction&#x20;set,&#x20;addressing&#x20;modes&#x20;with&#x20;particular&#x20;emphasis&#x20;on&#x20;indexed&#x20;method,&#x20;as&#x20;implemented&#x20;in&#x20;lists&#x20;and&#x20;tables),&#x20;pseudo-instructions.&#x20;Machine&#x20;language,&#x20;programming&#x20;at&#x20;symbolic&#x20;language&#x20;level.&#x20;Assembler,&#x20;Linker,&#x20;Debugger.&#x20;Stack&#x20;organization&#x20;and&#x20;subroutines.&#x20;Fetch&#x20;–&#x20;execution&#x20;of&#x20;instructions.&#x20;Understanding&#x20;computer&#x20;performance.&#x20;Data&#x20;input&#x20;–&#x20;output.&#x20;Bus&#x20;structure.&#x20;Direct&#x20;memory&#x20;access.&#x20;The&#x20;laboratory&#x20;part&#x20;of&#x20;the&#x20;course&#x20;includes&#x20;programming&#x20;in&#x20;assembly&#x20;language&#x20;(MIPS)&#x20;using&#x20;simulators.</dcvalue>
  <dcvalue element="publisher" qualifier="none">Dept&#x20;of&#x20;Informatics&#x20;-&#x20;Tei&#x20;of&#x20;Athens</dcvalue>
  <dcvalue element="relation" qualifier="none">TEI::Software&#x20;engineering(110)</dcvalue>
  <dcvalue element="rights" qualifier="none">Enrolled&#x20;student</dcvalue>
  <dcvalue element="rights" qualifier="none">Erasmus&#x20;student&#x20;with&#x20;learning&#x20;aggrements</dcvalue>
  <dcvalue element="title" qualifier="none">Computer&#x20;Architecture</dcvalue>
</dublin_core>
