<?xml version="1.0" encoding="utf-8" standalone="no"?>
<dublin_core schema="compass">
  <dcvalue element="learningOpportunity" qualifier="engagement">facetoface</dcvalue>
  <dcvalue element="learningOpportunity" qualifier="engagement">parttime</dcvalue>
  <dcvalue element="learningOpportunity" qualifier="languageOfInstruction">gr</dcvalue>
  <dcvalue element="learningOpportunity" qualifier="start">2017-08-12</dcvalue>
  <dcvalue element="learningOpportunity" qualifier="url">http:&#x2F;&#x2F;www.cs.teiath.gr&#x2F;?page_id=6391</dcvalue>
  <dcvalue element="learningOpportunity" qualifier="competence">ACM&#x20;IT&#x20;CompetencyModel::Linux&#x20;System&#x20;Administration::Explain&#x20;the&#x20;process&#x20;of&#x20;authentication&#x20;and&#x20;authorization&#x20;between&#x20;end-user&#x20;devices&#x20;and&#x20;network&#x20;resources</dcvalue>
</dublin_core>
