<?xml version="1.0" encoding="utf-8" standalone="no"?>
<dublin_core schema="compass">
  <dcvalue element="learningOpportunity" qualifier="cost" language="en_US">no</dcvalue>
  <dcvalue element="learningOpportunity" qualifier="engagement" language="en_US">facetoface</dcvalue>
  <dcvalue element="learningOpportunity" qualifier="engagement" language="en_US">fulltime</dcvalue>
  <dcvalue element="learningOpportunity" qualifier="hasPart" language="en_US">123456789&#x2F;19#56</dcvalue>
  <dcvalue element="learningOpportunity" qualifier="languageOfInstruction" language="en_US">gr</dcvalue>
  <dcvalue element="learningOpportunity" qualifier="location" language="en_US">Athens</dcvalue>
  <dcvalue element="learningOpportunity" qualifier="objective" language="en_US">ACM&#x20;IT&#x20;CompetencyModel::Linux&#x20;System&#x20;Administration</dcvalue>
  <dcvalue element="learningOpportunity" qualifier="places" language="en_US">80</dcvalue>
  <dcvalue element="learningOpportunity" qualifier="prerequisite" language="en_US">ACM&#x20;IT&#x20;CompetencyModel::Linux&#x20;Operating&#x20;System</dcvalue>
  <dcvalue element="learningOpportunity" qualifier="specifies" language="en_US">123456789&#x2F;18#62</dcvalue>
  <dcvalue element="learningOpportunity" qualifier="start">2016-10-10</dcvalue>
  <dcvalue element="learningOpportunity" qualifier="url" language="en_US">http:&#x2F;&#x2F;www.cs.teiath.gr&#x2F;?page_id=6391</dcvalue>
  <dcvalue element="learningOpportunity" qualifier="competence" language="en_US">ACM&#x20;IT&#x20;CompetencyModel::Linux&#x20;System&#x20;Administration::Explain&#x20;the&#x20;process&#x20;of&#x20;authentication&#x20;and&#x20;authorization&#x20;between&#x20;end-user&#x20;devices&#x20;and&#x20;network&#x20;resources</dcvalue>
  <dcvalue element="learningOpportunity" qualifier="competence" language="en_US">ACM&#x20;IT&#x20;CompetencyModel::Linux&#x20;System&#x20;Administration::Implement&#x20;a&#x20;hardware&#x20;and&#x20;software&#x20;configuration&#x20;responsive&#x20;to&#x20;an&#x20;identified&#x20;scenario</dcvalue>
</dublin_core>
